Date,Time
2023-01-01,0:23:27
2023-01-02,0:05:03
2023-01-03,0:08:03
2023-01-04,0:10:45
2023-01-05,0:24:09
2023-01-06,0:19:56
2023-01-07,0:14:19
2023-01-08,0:30:46
2023-01-09,0:06:40
2023-01-10,0:05:49
2023-01-11,0:09:34
2023-01-12,0:11:49
2023-01-13,0:16:20
2023-01-14,0:12:43
2023-01-15,0:28:50
2023-01-16,0:05:07
2023-01-17,0:09:55
2023-01-18,0:09:06
2023-01-19,0:21:53
2023-01-20,0:11:08
2023-01-21,0:12:05
2023-01-22,0:33:42
2023-01-23,0:06:34
2023-01-24,0:09:02
2023-01-25,0:10:06
2023-01-26,0:18:26
2023-01-27,0:18:24
2023-01-28,0:18:59
2023-01-29,0:33:02
2023-01-30,0:07:07
2023-01-31,0:07:26
2023-02-01,0:16:57
2023-02-02,0:22:00
2023-02-03,0:11:44
2023-02-04,0:18:59
2023-02-05,0:35:29
2023-02-06,0:05:03
2023-02-07,0:07:01
2023-02-08,0:10:46
2023-02-09,0:13:15
2023-02-10,0:22:22
2023-02-11,0:27:50
2023-02-12,0:28:56
2023-02-13,0:05:42
2023-02-14,0:07:57
2023-02-15,0:12:11
2023-02-16,0:16:18
2023-02-17,0:13:58
2023-02-18,0:28:44
2023-02-19,0:21:31
2023-02-20,0:04:49
2023-02-21,0:08:50
2023-02-22,0:06:21
2023-02-23,0:14:16
2023-02-24,0:14:59
2023-02-25,0:32:02
2023-02-26,0:34:02
2023-02-27,0:05:03
2023-02-28,0:05:46
2023-03-01,0:11:20
2023-03-02,0:15:52
2023-03-03,0:22:57
2023-03-04,0:29:57
2023-03-05,0:18:01
2023-03-06,0:07:47
2023-03-07,0:06:05
2023-03-08,0:08:51
2023-03-09,0:15:14
2023-03-10,0:15:11
2023-03-13,0:05:06
2023-03-14,0:08:45
2023-03-15,0:07:44
2023-03-16,0:13:05
2023-03-17,0:21:40
2023-03-18,0:23:09
2023-03-19,0:36:50
2023-03-20,0:04:16
2023-03-21,0:07:41
2023-03-22,0:11:53
2023-03-23,0:16:39
2023-03-24,0:17:34
2023-03-26,0:22:05
2023-03-27,0:04:49
2023-03-28,0:06:19
2023-03-29,0:09:07
2023-03-30,0:17:50
2023-03-31,0:25:43
2023-04-01,0:21:38
2023-04-02,0:33:25
2023-04-03,0:06:48
2023-04-04,0:05:59
2023-04-05,0:10:59
2023-04-06,0:18:27
2023-04-07,0:21:29
2023-04-08,0:29:13
2023-04-09,0:22:47
2023-04-10,0:04:26
2023-04-11,0:07:39
2023-04-12,0:10:26
2023-04-13,0:17:50
2023-04-14,0:14:18
2023-04-15,0:23:42
2023-04-16,0:38:53
2023-04-17,0:04:59
2023-04-18,0:07:33
2023-04-19,0:12:35
2023-04-20,0:22:33
2023-04-21,0:14:45
2023-04-22,0:31:17
2023-04-23,0:37:15
2023-04-24,0:04:43
2023-04-25,0:08:51
2023-04-26,0:11:23
2023-04-27,0:13:32
2023-04-28,0:22:37
2023-04-29,0:24:58
2023-04-30,0:29:30
2023-05-01,0:06:09
2023-05-02,0:10:13
2023-05-03,0:13:45
2023-05-04,0:25:07
2023-05-08,0:05:28
2023-05-10,0:10:21
2023-05-11,0:24:21
2023-05-12,0:14:22
2023-05-15,0:07:54
2023-05-16,0:11:54
2023-05-17,0:15:26
2023-05-18,0:23:37
2023-05-19,0:20:37
2023-05-20,0:20:52
2023-05-21,0:23:54
2023-05-22,0:05:46
2023-05-23,0:08:15
2023-05-24,0:07:56
2023-05-25,0:11:02
2023-05-26,0:20:17
2023-05-27,0:22:38
2023-05-28,0:34:15
2023-05-29,0:05:32
2023-05-30,0:06:40
2023-05-31,0:06:29
2023-06-01,0:28:41
2023-06-02,0:20:00
2023-06-03,0:18:30
2023-06-04,0:30:27
2023-06-05,0:05:45
2023-06-06,0:07:09
2023-06-07,0:08:47
2023-06-08,0:20:07
2023-06-09,0:11:46
2023-06-10,0:25:45
2023-06-11,0:28:36
2023-06-12,0:06:52
2023-06-13,0:09:44
2023-06-14,0:10:55
2023-06-15,0:09:28
2023-06-16,0:12:12
2023-06-17,0:27:45
2023-06-18,0:34:24
2023-06-19,0:06:14
2023-06-20,0:08:22
2023-06-21,0:08:13
2023-06-22,0:16:36
2023-06-23,0:13:17
2023-06-24,0:33:28
2023-06-25,0:40:20
2023-06-26,0:05:52
2023-06-27,0:07:26
2023-06-28,0:10:44
2023-06-29,0:20:06
2023-06-30,0:22:27
2023-07-01,0:13:26
2023-07-02,0:23:09
2023-07-03,0:05:18
2023-07-04,0:07:35
2023-07-05,0:11:07
2023-07-06,0:11:06
2023-07-07,0:14:24
2023-07-08,0:15:44
2023-07-09,0:32:31
2023-07-10,0:07:58
2023-07-11,0:09:39
2023-07-12,0:10:13
2023-07-13,0:17:23
2023-07-14,0:19:50
2023-07-15,0:21:06
2023-07-16,0:31:59
2023-07-17,0:06:52
2023-07-18,0:07:00
2023-07-19,0:08:15
2023-07-20,0:20:08
2023-07-21,0:10:15
2023-07-22,0:21:40
2023-07-23,0:30:09
2023-07-24,0:06:22
2023-07-25,0:07:15
2023-07-26,0:08:13
2023-07-27,0:09:01
2023-07-28,0:17:14
2023-07-29,0:20:32
2023-07-30,0:33:50
2023-07-31,0:04:17
2023-08-01,0:08:52
2023-08-02,0:08:09
2023-08-03,0:28:30
2023-08-04,0:25:58
2023-08-05,0:15:57
2023-08-06,0:23:55
2023-08-07,0:05:28
2023-08-08,0:06:47
2023-08-09,0:08:02
2023-08-10,0:26:08
2023-08-11,0:15:35
2023-08-12,0:28:57
2023-08-13,0:37:25
2023-08-14,0:05:50
2023-08-15,0:09:27
2023-08-16,0:13:59
2023-08-17,0:19:57
2023-08-18,0:12:14
2023-08-19,0:25:46
2023-08-20,0:29:17
2023-08-21,0:05:57
2023-08-22,0:12:31
2023-08-23,0:11:37
2023-08-24,0:15:41
2023-08-25,0:36:50
2023-08-26,0:31:29
2023-08-27,0:29:52
2023-08-28,0:06:39
2023-08-29,0:06:41
2023-08-30,0:14:46
2023-08-31,0:09:58
2023-09-01,0:23:10
2023-09-02,0:20:08
2023-09-03,0:29:51
2023-09-04,0:06:09
2023-09-05,0:08:00
2023-09-06,0:16:52
2023-09-07,0:08:22
2023-09-08,0:17:34
2023-09-09,0:22:38
2023-09-10,0:29:04
2023-09-11,0:06:09
2023-09-12,0:07:15
2023-09-13,0:09:49
2023-09-14,0:19:14
2023-09-15,0:16:30
2023-09-16,0:18:01
2023-09-17,0:30:33
2023-09-18,0:05:50
2023-09-19,0:13:46
2023-09-20,0:13:52
2023-09-21,0:27:10
2023-09-22,0:15:24
2023-09-23,0:29:39
2023-09-24,0:32:03
2023-09-25,0:05:37
2023-09-26,0:07:04
2023-09-27,0:11:43
2023-09-28,0:17:12
2023-09-29,0:13:12
2023-09-30,0:11:46
2023-10-01,0:23:06
2023-10-02,0:05:11
2023-10-03,0:10:53
2023-10-04,0:17:52
2023-10-05,0:20:05
2023-10-06,0:13:18
2023-10-07,0:34:07
2023-10-08,0:24:05
2023-10-09,0:05:15
2023-10-10,0:05:11
2023-10-11,0:08:24
2023-10-12,0:25:02
2023-10-13,0:13:15
2023-10-14,0:21:40
2023-10-15,0:26:33
2023-10-16,0:06:22
2023-10-17,0:06:46
2023-10-18,0:10:05
2023-10-19,0:26:24
2023-10-20,0:16:04
2023-10-21,0:16:09
2023-10-22,0:36:16
2023-10-23,0:04:59
2023-10-24,0:09:33
2023-10-25,0:16:20
2023-10-26,0:15:08
2023-10-27,0:18:33
2023-10-28,0:21:47
2023-10-29,0:27:18
2023-10-30,0:05:49
2023-10-31,0:08:10
2023-11-01,0:14:06
2023-11-02,0:09:42
2023-11-03,0:12:11
2023-11-04,0:28:35
2023-11-05,0:28:53
2023-11-06,0:07:12
2023-11-07,0:07:51
2023-11-08,0:12:23
2023-11-09,0:17:03
2023-11-10,0:23:36
2023-11-11,0:16:44
2023-11-12,0:33:00
2023-11-13,0:07:15
2023-11-14,0:07:41
2023-11-15,0:15:23
2023-11-16,0:22:47
2023-11-17,0:16:21
