Date,Time
2026-03-04,0:06:00
2026-04-17,0:11:43
2026-04-20,0:04:55
2026-04-21,0:08:33
2026-04-22,0:13:28
2026-04-23,0:10:31
2026-04-27,0:07:22
2026-04-29,0:08:33
2026-05-01,0:10:36
2026-06-01,0:06:55
2026-06-16,0:05:59
2026-06-30,0:06:31
2026-08-31,0:05:43
2026-09-10,0:16:51
2026-09-11,0:11:36
2026-09-14,0:06:02
2026-09-15,0:06:19
2026-09-17,0:15:21
2026-09-18,0:21:45
2026-09-20,0:26:44
2026-09-22,0:08:43
2026-09-24,0:12:31
2026-09-25,0:15:05
2026-09-28,0:09:03
2026-09-29,0:12:26
2026-09-30,0:12:27
2026-10-01,0:10:35
2026-10-02,0:11:21
2026-10-03,0:20:48
