Date,Guesses,Word
2022-01-22,3,
2022-01-23,4,
2022-01-24,4,
2022-01-25,3,
2022-01-26,5,
2022-01-28,6,
2022-01-29,4,
2022-01-30,4,
2022-01-31,3,
2022-02-01,3,
2022-02-02,3,
2022-02-03,3,
2022-02-04,4,
2022-02-05,3,
2022-02-06,4,
2022-02-07,3,
2022-02-08,5,
2022-02-09,5,
2022-02-10,4,
2022-02-11,5,
2022-02-12,3,
2022-02-13,4,
2022-02-14,5,
2022-02-15,3,
2022-02-16,4,
2022-02-17,6,
2022-02-18,4,
2022-02-19,6,
2022-02-20,3,
2022-02-21,3,
2022-02-22,3,
2022-02-23,4,
2022-02-24,4,
2022-02-25,3,
2022-02-26,3,
2022-02-27,4,
2022-02-28,5,
2022-03-01,4,
2022-03-02,4,
2022-03-03,3,
2022-03-04,4,
2022-03-05,4,
2022-03-06,4,
2022-03-07,5,
2022-03-08,6,
2022-03-09,4,
2022-03-10,4,
2022-03-11,5,
2022-03-12,4,
2022-03-13,4,
2022-03-14,3,
2022-03-15,2,
2022-03-16,4,
2022-03-17,3,
2022-03-18,4,
2022-03-19,4,
2022-03-20,4,
2022-03-21,3,
2022-03-22,4,
2022-03-23,3,
2022-03-24,3,
2022-03-25,4,
2022-03-27,3,
2022-03-28,4,
2022-03-29,5,
2022-03-30,4,
2022-03-31,4,
2022-04-01,6,
2022-04-02,4,
2022-04-03,4,
2022-04-04,5,
2022-04-05,5,
2022-04-06,5,
2022-04-07,3,
2022-04-08,5,
2022-04-09,3,
2022-04-10,4,
2022-04-11,4,
2022-04-12,4,
2022-04-13,4,
2022-04-14,3,
2022-04-15,X,
2022-04-16,3,
2022-04-17,4,
2022-04-18,3,
2022-04-19,X,
2022-04-20,4,
2022-04-22,4,
2022-04-23,5,
2022-04-24,3,
2022-04-25,3,
2022-04-26,2,
2022-04-27,4,
2022-04-28,4,
2022-04-29,3,
2022-04-30,5,
2022-05-01,3,
2022-05-02,3,
2022-05-03,4,
2022-05-04,4,
2022-05-05,X,
2022-05-06,5,
2022-05-07,3,
2022-05-08,4,
2022-05-09,4,
2022-05-10,4,
2022-05-11,2,
2022-05-12,4,
2022-05-13,2,
2022-05-14,3,
2022-05-15,5,
2022-05-16,4,
2022-05-17,4,
2022-05-18,4,
2022-05-19,3,
2022-05-20,3,
2022-05-21,2,
2022-05-22,4,
2022-05-23,4,
2022-05-24,3,
2022-05-25,5,
2022-05-26,5,
2022-05-27,2,
2022-05-28,3,
2022-05-29,3,
2022-05-30,3,
2022-05-31,4,
2022-06-01,5,
2022-06-02,5,
2022-06-03,3,
2022-06-04,4,
2022-06-05,3,
2022-06-06,4,
2022-06-07,4,
2022-06-08,4,
2022-06-09,4,
2022-06-10,2,
2022-06-11,6,
2022-06-12,3,
2022-06-13,4,
2022-06-14,4,
2022-06-15,5,
2022-06-16,4,
2022-06-17,3,
2022-06-18,6,
2022-06-19,2,
2022-06-20,3,
2022-06-21,4,
2022-06-22,3,
2022-06-23,4,
2022-06-24,4,
2022-06-25,3,
2022-06-26,4,
2022-06-27,5,
2022-06-28,4,
2022-06-29,5,
2022-06-30,4,
2022-07-01,4,
2022-07-02,3,
2022-07-03,5,
2022-07-04,X,
2022-07-05,3,
2022-07-06,5,
2022-07-07,5,
2022-07-08,4,
2022-07-09,5,
2022-07-10,3,
2022-07-11,4,
2022-07-12,X,
2022-07-13,3,
2022-07-14,5,
2022-07-15,5,
2022-07-16,5,
2022-07-17,5,
2022-07-18,5,
2022-07-19,5,
2022-07-20,3,
2022-07-21,3,
2022-07-22,3,
2022-07-23,3,
2022-07-24,3,
2022-07-25,4,
2022-07-26,4,
2022-07-27,4,
2022-07-28,5,
2022-07-29,5,
2022-08-01,4,
2022-08-02,4,
2022-08-03,4,
2022-08-04,4,
2022-08-05,5,
2022-08-06,3,
2022-08-07,6,
2022-08-08,3,
2022-08-09,5,
2022-08-10,4,
2022-08-11,5,
2022-08-12,5,
2022-08-13,6,
2022-08-14,4,
2022-08-15,4,
2022-08-16,4,
2022-08-17,4,
2022-08-18,4,
2022-08-19,3,
2022-08-20,3,
2022-08-21,4,
2022-08-22,2,
2022-08-23,4,
2022-08-24,4,
2022-08-25,5,
2022-08-26,3,
2022-08-27,5,
2022-08-28,5,
2022-08-29,2,
2022-08-30,4,
2022-08-31,6,
2022-09-01,4,
2022-09-02,4,
2022-09-03,6,
2022-09-04,2,
2022-09-05,5,
2022-09-06,5,
2022-09-07,4,
2022-09-08,3,
2022-09-09,3,
2022-09-10,5,
2022-09-11,3,
2022-09-12,4,
2022-09-13,4,
2022-09-14,3,
2022-09-15,3,
2022-09-16,4,
2022-09-17,3,
2022-09-18,4,
2022-09-19,X,
2022-09-20,5,
2022-09-21,4,
2022-09-22,5,
2022-09-23,4,
2022-09-24,4,
2022-09-25,4,
2022-09-26,3,
2022-09-27,3,
2022-09-28,3,
2022-09-29,4,
2022-09-30,4,
2022-10-02,4,
2022-10-03,2,
2022-10-04,4,
2022-10-06,3,
2022-10-07,4,
2022-10-08,3,
2022-10-09,4,
2022-10-10,4,
2022-10-11,3,
2022-10-13,3,
2022-10-14,4,
2022-10-15,6,
2022-10-16,3,
2022-10-17,3,
2022-10-18,4,
2022-10-19,4,
2022-10-20,3,
2022-10-21,5,
2022-10-22,3,
2022-10-23,4,
2022-10-24,3,
2022-10-25,5,
2022-10-26,3,
2022-10-27,5,
2022-10-28,4,
2022-10-29,4,
2022-10-30,5,
2022-10-31,3,
2022-11-01,4,
2022-11-02,4,
2022-11-03,2,
2022-11-04,4,
2022-11-05,4,
2022-11-06,3,
2022-11-07,3,
2022-11-08,4,
2022-11-09,3,
2022-11-10,3,
2022-11-13,4,
2022-11-14,4,
2022-11-15,4,
2022-11-16,4,
2022-11-17,4,
2022-11-18,3,
2022-11-19,3,
2022-11-20,3,
2022-11-21,4,
2022-11-22,4,
2022-11-23,5,
2022-11-26,4,
2022-11-27,4,
2022-11-28,3,
2022-11-29,5,
2022-11-30,3,
2022-12-01,3,
2022-12-02,4,
2022-12-03,2,
2022-12-04,3,
2022-12-05,4,
2022-12-06,3,
2022-12-07,3,
2022-12-08,5,
2022-12-09,3,
2022-12-10,4,
2022-12-11,4,
2022-12-12,3,
2022-12-13,5,
2022-12-14,4,
2022-12-15,3,
2022-12-16,5,
2022-12-17,3,
2022-12-18,4,
2022-12-19,4,
2022-12-20,2,
2022-12-21,4,
2022-12-22,4,
2022-12-23,2,
2022-12-24,3,
2022-12-25,3,
2022-12-26,X,
2022-12-27,5,
2022-12-30,5,
2023-01-01,3,
2023-01-02,5,
2023-01-03,4,
2023-01-04,X,
2023-01-05,3,
2023-01-06,3,
2023-01-07,4,
2023-01-08,4,
2023-01-09,6,
2023-01-10,4,
2023-01-12,2,
2023-01-15,2,
2023-01-16,5,
2023-01-17,4,
2023-01-18,4,
2023-01-19,4,
2023-01-20,3,
2023-01-21,5,
2023-01-22,3,
2023-01-23,3,
2023-01-24,4,
2023-01-25,3,
2023-01-26,5,
2023-01-27,5,
2023-01-28,2,
2023-01-29,5,
2023-01-30,3,
2023-01-31,3,
2023-02-01,3,
2023-02-02,2,
2023-02-03,2,
2023-02-04,4,
2023-02-05,3,
2023-02-06,5,
2023-02-07,4,
2023-02-08,4,
2023-02-09,4,
2023-02-10,4,
2023-02-11,X,
2023-02-12,3,
2023-02-13,3,
2023-02-14,2,
2023-02-15,5,
2023-02-16,3,
2023-02-17,4,
2023-02-18,3,
2023-02-19,4,
2023-02-20,3,
2023-02-21,4,
2023-02-22,4,
2023-02-23,4,
2023-02-24,3,
2023-02-26,4,
2023-02-27,3,
2023-02-28,5,
2023-03-01,4,
2023-03-02,3,
2023-03-05,4,
2023-03-06,3,
2023-03-07,4,
2023-03-08,5,
2023-03-09,4,
2023-03-13,6,
2023-03-14,3,
2023-03-15,6,
2023-03-16,3,
2023-03-19,4,
2023-03-20,3,
2023-03-23,3,
2023-03-24,5,
2023-03-26,3,
2023-03-27,3,
2023-03-28,4,
2023-03-29,3,
2023-03-30,5,
2023-03-31,5,
2023-04-02,5,
2023-04-03,4,
2023-04-04,X,
2023-04-05,5,
2023-04-06,6,
2023-04-07,5,
2023-04-08,3,
2023-04-09,5,
2023-04-10,5,
2023-04-11,4,
2023-04-12,6,
2023-04-13,3,
2023-04-14,2,
2023-04-16,4,
2023-04-17,5,whiff
2023-04-18,6,hound
2023-04-19,4,thump
2023-04-20,4,plate
2023-04-21,X,kayak
2023-04-22,3,broke
2023-04-23,3,unzip
2023-04-24,X,ditto
2023-04-25,X,joker
2023-04-26,4,metro
2023-04-27,4,logic
2023-04-28,3,circa
2023-04-29,3,cedar
2023-04-30,5,plaza
2023-05-01,4,range
2023-05-02,4,sulky
2023-05-03,5,horde
2023-05-04,5,guppy
2023-05-10,4,ethic
2023-05-11,5,broom
2023-05-12,4,snack
2023-05-21,3,brash
2023-05-22,3,igloo
2023-05-23,3,clerk
2023-05-24,5,utter
2023-05-25,3,bagel
2023-05-26,5,swine
2023-05-28,5,skimp
2023-05-29,4,mouse
2023-05-30,3,kneel
2023-05-31,4,agile
2023-06-01,6,jazzy
2023-06-03,6,nanny
2023-06-04,X,beast
2023-06-05,5,ennui
2023-06-06,4,scout
2023-06-07,5,hater
2023-06-08,3,crumb
2023-06-09,4,balsa
2023-06-10,4,again
2023-06-11,4,guard
2023-06-12,5,wrong
2023-06-13,4,plunk
2023-06-14,4,crime
2023-06-16,3,strap
2023-06-17,4,ranch
2023-06-18,4,shyly
2023-06-19,5,kazoo
2023-06-20,3,frost
2023-06-21,4,crane
2023-06-22,2,taste
2023-06-23,4,covet
2023-06-23,3,grand
2023-06-25,4,rodeo
2023-06-26,4,guest
2023-06-27,3,about
2023-06-28,3,tract
2023-06-29,4,diner
2023-06-30,4,straw
2023-07-01,6,bleep
2023-07-02,5,mossy
2023-07-03,4,hotel
2023-07-04,4,irate
2023-07-05,3,venom
2023-07-06,3,windy
2023-07-07,3,donut
2023-07-13,4,barge
2023-07-17,4,droop
2023-07-18,6,flyer
2023-07-19,3,tonic
2023-07-20,3,flank
2023-07-21,4,burly
2023-07-22,6,froze
2023-07-23,4,whale
2023-07-24,4,hobby
2023-07-25,3,wheel
2023-07-26,3,heart
2023-07-27,3,disco
2023-07-28,3,ethos
2023-07-29,3,curly
2023-07-30,4,bathe
2023-07-31,4,style
2023-08-01,3,tenth
2023-08-02,6,beget
2023-08-03,4,party
2023-08-04,3,chart
2023-08-05,4,anode
2023-08-06,5,polyp
2023-08-07,5,brook
2023-08-08,4,bully
2023-08-09,4,lover
2023-08-10,3,empty
2023-08-11,4,hello
2023-08-12,3,quick
2023-08-13,3,wrath
2023-08-14,5,snaky
2023-08-15,5,index
2023-08-16,5,scrub
2023-08-17,3,amiss
2023-08-18,5,exact
2023-08-19,5,magma
2023-08-20,4,quest
2023-08-21,4,beach
2023-08-22,4,spice
2023-08-23,5,verve
2023-08-24,4,wordy
2023-08-25,4,ocean
2023-08-26,3,choir
2023-08-28,3,write
2023-08-29,2,caper
2023-08-30,4,audio
2023-08-31,3,bride
2023-09-01,3,space
2023-09-02,3,onion
2023-09-03,3,await
2023-09-04,5,giddy
2023-09-05,3,birch
2023-09-06,4,gnash
2023-09-07,3,dwell
2023-09-08,4,rouse
2023-09-09,4,lucky
2023-09-10,3,quote
2023-09-11,5,older
2023-09-12,3,whisk
2023-09-13,4,clear
2023-09-14,4,rayon
2023-09-15,4,exert
2023-09-16,4,angel
2023-09-17,4,basic
2023-09-18,3,frank
2023-09-19,3,close
2023-09-20,5,score
2023-09-21,3,stone
2023-09-22,4,brush
2023-09-23,3,carol
2023-09-24,2,right
2023-09-25,3,rocky
2023-09-26,4,loyal
2023-09-27,5,smile
2023-09-28,4,coach
2023-09-29,4,azure
2023-09-30,4,daddy
2023-10-01,3,beret
2023-10-02,5,merry
2023-10-03,4,while
2023-10-04,3,spurt
2023-10-05,5,bunch
2023-10-06,3,chime
2023-10-07,4,viola
2023-10-08,4,binge
2023-10-09,3,truth
2023-10-10,3,snail
2023-10-11,5,skunk
2023-10-12,5,knelt
2023-10-13,5,uncle
2023-10-14,4,agent
2023-10-15,4,leaky
2023-10-16,5,graph
2023-10-17,4,adult
2023-10-18,4,mercy
2023-10-19,4,splat
2023-10-20,X,occur
2023-10-21,2,smirk
2023-10-22,4,given
2023-10-23,4,tempo
2023-10-24,3,cause
2023-10-25,5,retry
2023-10-26,4,pique
2023-10-27,4,noble
2023-10-28,3,mason
2023-10-29,3,phony
2023-10-30,3,grail
2023-11-01,3,noise
2023-11-02,3,until
2023-11-03,4,ardor
2023-11-04,3,mania
2023-11-05,3,flare
2023-11-06,3,trade
2023-11-07,4,limit
2023-11-08,5,ninja
2023-11-09,3,glaze
2023-11-10,4,leash
2023-11-11,5,actor
2023-11-12,4,meant
2023-11-13,3,green
2023-11-14,X,sassy
2023-11-15,3,sight
2023-11-16,3,trust
2023-11-17,3,tardy
2023-11-18,2,think
2023-11-19,5,queue
2023-11-20,4,candy
2023-11-21,3,piano
2023-11-22,3,pixel
2023-11-23,4,queen
2023-11-24,X,
2023-11-25,4,guide
2023-11-26,4,solid
2023-11-27,3,tawny
2023-11-28,6,scope
2023-11-29,X,
2023-11-30,2,resin
2023-12-01,3,taken
2023-12-02,3,genre
2023-12-03,4,adapt
2023-12-04,4,worst
2023-12-05,4,young
2023-12-06,4,woman
2023-12-07,5,sleep
2023-12-08,4,sharp
2023-12-09,2,shift
2023-12-10,3,chain
2023-12-11,2,house
2023-12-12,2,these
2023-12-13,3,spent
2023-12-14,3,would
2023-12-15,4,topic
2023-12-16,5,globe
2023-12-17,5,bacon
2023-12-18,4,funny
2023-12-19,4,table
2023-12-22,3,touch
2023-12-23,3,slope
2023-12-24,3,grace
2023-12-25,4,evoke
2023-12-27,4,daisy
2023-12-28,3,learn
2023-12-29,3,child
2023-12-30,2,three
2023-12-31,4,salty
2024-01-01,4,mural
2024-01-02,6,aging
2024-01-03,4,twirl
2024-01-04,5,scant
2024-01-05,3,lunge
2024-01-06,3,cable
2024-01-07,4,stony
2024-01-08,5,final
2024-01-09,6,liner
2024-01-10,3,threw
2024-01-11,4,brief
2024-01-12,4,route
2024-01-13,3,heard
2024-01-14,5,doing
2024-01-15,4,lunch
2024-01-16,3,blond
2024-01-17,3,court
2024-01-18,4,stole
2024-01-19,2,thing
2024-01-20,3,large
2024-01-21,4,north
2024-01-22,3,tweak
2024-01-23,3,still
2024-01-24,3,relic
2024-01-25,3,block
2024-01-26,4,aloof
2024-01-27,3,snake
2024-01-28,6,ember
2024-01-29,5,leggy
2024-01-30,5,expel
2024-01-31,3,bulky
2024-02-01,3,alive
2024-02-02,3,cleft
2024-02-03,4,micro
2024-02-04,5,verge
2024-02-05,4,repel
2024-02-06,5,which
2024-02-07,3,after
2024-02-08,4,place
2024-02-09,5,stiff
2024-02-10,2,fried
2024-02-11,5,never
2024-02-12,4,pasta
2024-02-13,3,scram
2024-02-14,4,talon
2024-02-15,4,ascot
2024-02-16,X,stash
2024-02-17,4,psalm
2024-02-18,3,ridge
2024-02-19,3,price
2024-02-20,3,match
2024-02-21,5,build
2024-02-22,4,heavy
2024-02-23,4,apart
2024-02-24,5,piper
2024-02-25,4,smith
2024-02-26,3,often
2024-02-27,5,sense
2024-02-28,5,devil
2024-02-29,3,image
2024-03-01,3,forty
2024-03-02,4,urban
2024-03-03,X,state
2024-03-04,3,flame
2024-03-05,6,hunch
2024-03-06,3,teary
2024-03-07,4,clone
2024-03-08,4,early
2024-03-09,4,cheer
2024-03-10,3,grasp
2024-03-11,4,pesky
2024-03-12,5,heave
2024-03-13,6,local
2024-03-14,2,since
2024-03-15,3,erupt
2024-03-16,3,toxin
2024-03-17,5,snort
2024-03-18,4,spelt
2024-03-19,5,abide
2024-03-20,4,lingo
2024-03-21,5,shade
2024-03-22,5,decay
2024-03-23,3,risen
2024-03-24,4,towel
2024-03-25,6,sally
2024-03-26,6,mayor
2024-03-27,3,stung
2024-03-28,4,speak
2024-03-29,5,realm
2024-03-30,3,force
2024-03-31,4,taboo
2024-04-01,3,frond
2024-04-02,3,serum
2024-04-03,3,plait
2024-04-04,3,climb
2024-04-05,3,wrist
2024-04-06,4,finch
2024-04-07,5,voila
2024-04-08,4,breed
2024-04-09,4,merge
2024-04-10,4,broth
2024-04-11,4,louse
2024-04-12,5,whiny
2024-04-13,3,steel
2024-04-14,5,blimp
2024-04-15,4,equip
2024-04-16,4,shank
2024-04-17,2,tithe
2024-04-18,4,facet
2024-04-19,3,raise
2024-04-20,4,lucid
2024-04-21,5,jolly
2024-04-22,4,laser
2024-04-23,6,rover
2024-04-24,5,overt
2024-04-25,3,intro
2024-04-26,4,vapid
2024-04-27,4,gleam
2024-04-28,4,prune
2024-04-29,3,craft
2024-04-30,4,prowl
2024-05-01,4,diary
2024-05-02,6,slice
2024-05-03,4,ebony
2024-05-04,5,value
2024-05-05,4,decal
2024-05-06,5,shave
2024-05-07,3,musty
2024-05-08,4,pious
2024-05-09,4,jerky
2024-05-10,5,media
2024-05-11,2,tidal
2024-05-12,5,outer
2024-05-13,5,cumin
2024-05-14,3,amass
2024-05-15,4,pinch
2024-05-16,6,stall
2024-05-17,4,tutor
2024-05-18,4,briny
2024-05-19,4,hitch
2024-05-20,5,nicer
2024-05-21,4,dingo
2024-05-22,3,exalt
2024-05-23,3,swish
2024-05-24,4,glide
2024-05-25,3,titan
2024-05-26,4,bevel
2024-05-27,2,skier
2024-05-28,4,minus
2024-05-29,6,papal
2024-05-30,4,gummy
2024-05-31,4,chaos
2024-06-01,5,basin
2024-06-02,5,bravo
2024-06-03,3,stark
2024-06-04,5,groom
2024-06-05,4,organ
2024-06-06,3,ether
2024-06-07,4,melon
2024-06-08,6,hence
2024-06-09,4,crowd
2024-06-10,5,manga
2024-06-11,5,swung
2024-06-12,5,deter
2024-06-13,4,angst
2024-06-14,4,vault
2024-06-15,4,proud
2024-06-16,3,grind
2024-06-17,4,prior
2024-06-18,6,cover
2024-06-19,2,terse
2024-06-20,4,scent
2024-06-21,3,paint
2024-06-22,5,edict
2024-06-23,4,bugle
2024-06-24,3,dolly
2024-06-25,4,savor
2024-06-26,4,knead
2024-06-27,6,order
2024-06-28,5,drove
2024-06-29,4,zebra
2024-06-30,5,buddy
2024-07-01,4,adage
2024-07-02,3,inlay
2024-07-03,3,thigh
2024-07-04,5,debut
2024-07-05,3,crush
2024-07-06,4,scoff
2024-07-07,4,canon
2024-07-08,5,shape
2024-07-09,5,blare
2024-07-10,4,gaunt
2024-07-11,4,cameo
2024-07-12,5,jiffy
2024-07-13,3,enact
2024-07-14,4,video
2024-07-15,4,swoon
2024-07-16,5,decoy
2024-07-17,4,quite
2024-07-18,5,nerdy
2024-07-19,6,refer
2024-07-20,5,shaft
2024-07-21,4,speck
2024-07-22,3,cadet
2024-07-23,5,prong
2024-07-24,2,forte
2024-07-25,2,porch
2024-07-26,6,awash
2024-07-27,3,juice
2024-07-28,5,smock
2024-07-29,5,super
2024-07-30,3,feral
2024-07-31,5,penne
2024-08-01,4,chalk
2024-08-02,5,flake
2024-08-03,3,scale
2024-08-04,4,lower
2024-08-05,4,ensue
2024-08-06,3,anvil
2024-08-07,5,macaw
2024-08-08,3,saucy
2024-08-09,4,ounce
2024-08-10,4,medic
2024-08-11,6,scone
2024-08-12,5,skiff
2024-08-13,4,neigh
2024-08-14,2,shore
2024-08-15,4,acorn
2024-08-16,4,brace
2024-08-17,3,storm
2024-08-18,4,lanky
2024-08-19,3,meter
2024-08-20,3,delay
2024-09-03,3,faint
2024-09-04,3,stern
2024-09-05,2,widen
2024-09-06,4,rerun
2024-09-07,3,owner
2024-09-08,3,drawn
2024-09-09,5,debit
2024-09-10,5,rebel
2024-09-11,3,aisle
2024-09-12,2,brass
2024-09-13,3,harsh
2024-09-14,4,broad
2024-09-15,4,recur
2024-09-16,3,honey
2024-09-17,5,beaut
2024-09-18,3,fully
2024-09-19,5,press
2024-09-20,3,smoke
2024-09-21,4,seven
2024-09-22,2,teach
2024-09-23,3,steam
2024-09-24,5,handy
2024-09-25,3,torch
2024-09-26,3,thank
2024-09-27,3,faith
2024-09-28,3,brain
2024-09-29,X,rider
2024-09-30,2,cloud
2024-10-01,5,modem
2024-10-02,3,shell
2024-10-03,4,wagon
2024-10-04,3,title
2024-10-07,5,flour
2024-10-08,3,joint
2024-10-09,5,mommy
2024-10-10,3,carve
2024-10-11,6,gusty
2024-10-12,3,stain
2024-10-13,4,prone
2024-10-14,3,gamut
2024-10-15,4,corer
2024-10-16,4,grant
2024-10-17,4,halve
2024-10-18,4,stint
2024-10-19,5,fiber
2024-10-20,4,dicey
2024-10-21,3,spoon
2024-10-22,3,shout
2024-10-23,6,goofy
2024-10-24,3,bossy
2024-10-25,6,frown
2024-11-04,3,vinyl
2024-11-05,3,octet
2024-11-06,4,truly
2024-11-07,4,event
2024-11-08,3,ready
2024-11-09,5,swell
2024-11-10,4,inner
2024-11-11,3,stoic
2024-11-12,5,flown
2024-11-13,3,primp
2024-11-14,4,uvula
2024-11-15,3,tacky
2024-11-16,2,visor
2024-11-17,X,tally
2024-11-18,3,frail
2024-11-19,3,going
2024-11-20,3,niche
2024-11-21,3,spine
2024-11-22,3,pearl
2024-11-23,3,jelly
2024-11-24,2,twist
2024-11-25,3,brown
2024-11-26,4,witch
2024-12-02,5,guile
2024-12-03,3,shaky
2024-12-04,4,crypt
2024-12-05,4,endow
2024-12-06,3,shove
2024-12-07,4,hilly
2024-12-08,3,hyena
2024-12-09,5,flung
2024-12-10,4,patio
2024-12-11,4,plumb
2024-12-12,3,vying
2024-12-13,X,boxer
2024-12-14,5,drool
2024-12-15,4,funky
2024-12-17,5,scowl
2024-12-18,4,hefty
2024-12-19,4,stray
2024-12-20,4,flash
2024-12-21,4,blade
2024-12-25,3,share
2024-12-28,4,decry
2024-12-29,5,mambo
2024-12-30,3,stare
2024-12-31,4,lemur
2025-01-01,2,nerve
2025-01-02,3,chose
2025-01-03,3,cheap
2025-01-04,3,relax
2025-01-05,6,cyber
2025-01-06,2,sprig
2025-01-07,4,atlas
2025-01-08,4,draft
2025-01-09,3,wafer
2025-01-10,3,crawl
2025-01-11,3,dingy
2025-01-12,4,total
2025-01-13,4,cloak
2025-01-14,4,fancy
2025-01-15,5,knack
2025-01-16,3,flint
2025-01-17,4,prose
2025-01-18,3,silly
2025-01-20,4,squid
2025-01-21,6,icing
2025-01-22,3,reach
2025-01-23,4,upper
2025-01-24,5,crepe
2025-01-25,3,crisp
2025-01-26,4,sunny
2025-01-27,3,shunt
2025-01-28,3,fever
2025-01-29,X,udder
2025-01-30,3,false
2025-01-31,2,toast
2025-02-01,2,rivet
2025-02-02,3,chore
2025-02-03,4,revue
2025-02-04,4,tooth
2025-02-05,4,pedal
2025-02-06,4,pupil
2025-02-07,3,swath
2025-02-09,3,bonus
2025-02-10,4,goody
2025-02-11,5,score
2025-02-12,4,rapid
2025-02-18,4,indie
2025-02-19,5,madly
2025-02-20,4,roach
2025-02-21,4,clove
2025-02-22,3,cream
2025-02-24,4,gland
2025-02-25,5,dryer
2025-02-26,5,award
2025-02-27,3,lodge
2025-02-28,4,fuzzy
2025-03-03,5,spear
2025-03-04,4,check
2025-03-05,4,scrum
2025-03-06,3,alert
2025-03-07,3,troop
2025-03-08,3,navel
2025-03-09,4,greed
2025-03-10,2,spite
2025-03-11,4,track
2025-03-13,3,chase
2025-03-14,3,piece
2025-03-15,6,ladle
2025-03-16,3,stamp
2025-03-17,4,lasso
2025-03-18,3,timer
2025-03-19,4,spark
2025-03-20,3,baste
2025-03-21,4,nudge
2025-03-23,4,dopey
2025-03-24,5,angle
2025-03-25,3,shelf
2025-03-26,4,elbow
2025-03-27,4,sheet
2025-03-28,4,verse
2025-03-29,3,sorry
2025-03-31,4,booty
2025-04-03,3,shear
2025-04-04,6,krill
2025-04-07,6,hazel
2025-04-08,3,spare
2025-04-09,5,wheat
2025-04-10,3,turbo
2025-04-11,3,arrow
2025-04-12,5,nurse
